death_year,state_abbr,state_name,total_pop_15to64,female_pop_15to64,male_pop_15to64,aapi_pct,black_pct,latinx_pct,native_pct,white_pct,total_incarceration,total_incarceration_rate,total_prison_pop,female_prison_pop,male_prison_pop
2019,AK,ALASKA,493016,229285,263731,8.89,4.42,7.26,15.71,63.72,4475,907,1782,82,1700
2018,AK,ALASKA,497876,231938,265938,8.73,4.4,7.13,15.56,64.18,4380,879,1939,87,1852
2017,AK,ALASKA,504320,235002,269318,8.61,4.37,6.99,15.36,64.68,4399,872,1905,77,1828
2016,AK,ALASKA,509054,237107,271947,8.25,4.29,6.77,15.23,65.46,4434,871,2089,107,1982
2015,AK,ALASKA,509561,237503,272058,7.95,4.2,6.58,15.17,66.09,5338,1047,2261,175,2086
2019,AL,ALABAMA,3233090,1638535,1594555,1.82,28.02,4.32,0.65,65.2,41959,1297,28304,2749,25555
2018,AL,ALABAMA,3231340,1638987,1592353,1.78,28.04,4.21,0.65,65.32,41209,1275,26841,2402,24439
2017,AL,ALABAMA,3230476,1638888,1591588,1.74,28.04,4.07,0.65,65.49,40762,1261,27608,2473,25135
2016,AL,ALABAMA,3230773,1638610,1592163,1.69,27.98,3.98,0.65,65.7,41899,1296,28883,2377,26506
2015,AL,ALABAMA,3228199,1637943,1590256,1.64,27.91,3.88,0.65,65.92,43551,1349,30810,2590,28220
2019,AR,ARKANSAS,1914416,954186,960230,2.33,16.51,7.99,0.9,72.26,25335,1323,17759,1571,16188
2018,AR,ARKANSAS,1916640,956321,960319,2.27,16.52,7.75,0.9,72.56,24713,1289,17799,1403,16396
2017,AR,ARKANSAS,1918770,958152,960618,2.24,16.52,7.51,0.89,72.84,24835,1294,18070,1419,16651
2016,AR,ARKANSAS,1918010,958743,959267,2.17,16.52,7.27,0.88,73.16,24468,1275,17537,1376,16161
2015,AR,ARKANSAS,1916182,959193,956989,2.07,16.46,7.07,0.87,73.53,24233,1264,17707,1402,16305
2019,AZ,ARIZONA,4500120,2212159,2287961,4.44,5.41,33.28,4.24,52.62,55643,1236,42441,4406,38035
2018,AZ,ARIZONA,4444103,2187807,2256296,4.36,5.29,32.87,4.27,53.21,55112,1240,42005,4185,37820
2017,AZ,ARIZONA,4395093,2167533,2227560,4.32,5.17,32.46,4.29,53.75,55206,1256,42030,4059,37971
2016,AZ,ARIZONA,4356330,2151745,2204585,4.25,5.06,31.99,4.31,54.4,55474,1273,42320,3997,38323
2015,AZ,ARIZONA,4308901,2131532,2177369,4.11,4.93,31.57,4.32,55.07,56044,1300,42719,3981,38738
2019,CA,CALIFORNIA,26447533,12971218,13476315,16.53,6.42,39.98,0.53,36.54,196000,741,122687,5568,117119
2018,CA,CALIFORNIA,26512430,13024444,13487986,16.36,6.41,39.57,0.53,37.12,201982,761,128625,5778,122847
2017,CA,CALIFORNIA,26501551,13042436,13459115,16.17,6.41,39.2,0.54,37.69,205118,773,131039,5859,125180
2016,CA,CALIFORNIA,26434882,13033688,13401194,15.94,6.4,38.85,0.54,38.27,204163,772,130084,5886,124198
2015,CA,CALIFORNIA,26315841,12996069,13319772,15.69,6.41,38.51,0.55,38.84,203983,775,129593,5785,123808
2019,CO,COLORADO,3877220,1875093,2002127,4.09,4.79,21.63,0.8,68.68,32936,849,19785,1919,17866
2018,CO,COLORADO,3841477,1862704,1978773,4.04,4.75,21.35,0.81,69.05,33289,866,20372,2025,18347
2017,CO,COLORADO,3794758,1843426,1951332,3.93,4.69,21.03,0.81,69.54,33022,870,19946,1902,18044
2016,CO,COLORADO,3752681,1827395,1925286,3.84,4.65,20.73,0.81,69.97,32562,867,19981,1903,18078
2015,CO,COLORADO,3696203,1804309,1891894,3.73,4.6,20.5,0.81,70.37,32128,869,20041,1842,18199
2019,CT,CONNECTICUT,2383868,1197713,1186155,5.48,11.23,17.38,0.22,65.7,12823,537,8751,519,8232
2018,CT,CONNECTICUT,2396616,1204820,1191796,5.37,11.05,16.97,0.22,66.39,13681,570,9008,482,8526
2017,CT,CONNECTICUT,2402786,1208286,1194500,5.25,10.94,16.42,0.22,67.17,14040,584,9626,484,9142
2016,CT,CONNECTICUT,2410144,1212665,1197479,5.15,10.82,15.95,0.23,67.85,14957,620,10365,561,9804
2015,CT,CONNECTICUT,2418238,1217549,1200689,5.03,10.72,15.53,0.23,68.48,15816,654,11220,577,10643
2019,DC,DISTRICT OF COLUMBIA,494752,255751,239001,5.43,42.0,10.97,0.27,41.34,5919,1196,4049,0,0
2018,DC,DISTRICT OF COLUMBIA,495622,255988,239634,5.35,42.57,10.83,0.27,40.98,6563,1324,4500,132,4344
2017,DC,DISTRICT OF COLUMBIA,494277,255783,238494,5.28,43.1,10.69,0.27,40.65,4969,1005,4729,161,4781
2016,DC,DISTRICT OF COLUMBIA,491262,254134,237128,5.14,43.73,10.63,0.27,40.23,5227,1063,4914,161,4882
2015,DC,DISTRICT OF COLUMBIA,486520,252285,234235,4.98,44.24,10.52,0.27,39.99,6893,1416,5079,175,5044
2019,DE,DELAWARE,624163,317118,307045,4.83,24.15,9.79,0.36,60.87,5692,911,3735,167,3568
2018,DE,DELAWARE,621543,315961,305582,4.69,23.9,9.54,0.36,61.51,6067,976,3985,189,3796
2017,DE,DELAWARE,619484,315249,304235,4.58,23.64,9.26,0.36,62.15,6443,1040,4066,184,3882
2016,DE,DELAWARE,617936,314952,302984,4.53,23.39,8.96,0.37,62.76,6585,1065,4090,201,3889
2015,DE,DELAWARE,616293,314420,301873,4.44,23.12,8.77,0.37,63.3,6654,1079,4188,225,3963
2019,FED,FEDERAL,0,0,0,,,,,,0,0,175116,12329,162787
2018,FED,FEDERAL,0,0,0,,,,,,0,0,179898,12526,167372
2017,FED,FEDERAL,0,0,0,,,,,,0,0,183058,12533,170525
2016,FED,FEDERAL,0,0,0,,,,,,0,0,189192,12697,176495
2015,FED,FEDERAL,0,0,0,,,,,,0,0,196455,12953,183502
2019,FL,FLORIDA,13480937,6735061,6745876,3.51,17.05,28.56,0.3,50.59,151510,1123,96009,6628,89381
2018,FL,FLORIDA,13402272,6705418,6696854,3.47,17.0,28.12,0.31,51.11,152929,1141,97538,6726,90812
2017,FL,FLORIDA,13291633,6660174,6631459,3.43,16.98,27.52,0.31,51.77,152075,1144,98504,6725,91779
2016,FL,FLORIDA,13123991,6584226,6539765,3.37,16.96,26.88,0.31,52.48,152348,1160,99974,6863,93111
2015,FL,FLORIDA,12917746,6488423,6429323,3.3,16.95,26.26,0.32,53.18,154941,1199,101424,6943,94481
2019,GA,GEORGIA,7073783,3577768,3496015,4.95,33.35,9.82,0.27,51.61,91357,1291,54816,4018,50798
2018,GA,GEORGIA,7014199,3550594,3463605,4.83,33.17,9.59,0.27,52.14,87801,1251,53647,3939,49708
2017,GA,GEORGIA,6961084,3526248,3434836,4.72,32.97,9.35,0.27,52.69,85864,1233,53667,3828,49839
2016,GA,GEORGIA,6901050,3498570,3402480,4.59,32.75,9.12,0.27,53.27,84037,1217,53627,3788,49839
2015,GA,GEORGIA,6828589,3463902,3364687,4.4,32.54,8.89,0.27,53.89,81512,1193,52193,3615,48578
2019,HI,HAWAII,924083,446643,477440,66.87,3.07,9.85,0.44,19.93,5279,571,3037,285,2752
2018,HI,HAWAII,931759,451011,480748,66.65,3.03,9.69,0.44,20.35,5375,576,3264,301,2963
2017,HI,HAWAII,937138,453831,483307,66.45,2.98,9.52,0.44,20.77,5630,600,3425,271,3154
2016,HI,HAWAII,943498,456368,487130,66.21,2.93,9.38,0.44,21.2,5602,593,3629,358,3271
2015,HI,HAWAII,941542,455989,485553,65.99,2.85,9.18,0.45,21.68,5879,624,3769,355,3414
2019,IA,IOWA,2027437,990123,1037314,3.35,4.58,6.37,0.36,85.33,14412,710,9282,839,8443
2018,IA,IOWA,2026907,991575,1035332,3.24,4.41,6.14,0.36,85.86,14325,706,9419,837,8582
2017,IA,IOWA,2029809,994161,1035648,3.17,4.25,5.93,0.35,86.3,13748,677,9024,806,8218
2016,IA,IOWA,2030023,995435,1034588,3.05,4.06,5.74,0.35,86.8,13480,664,9031,821,8210
2015,IA,IOWA,2029629,996258,1033371,2.93,3.89,5.54,0.35,87.29,13302,655,8849,808,8041
2019,ID,IDAHO,1148500,565900,582600,2.12,1.1,13.12,1.28,82.37,12697,1105,9437,1320,8117
2018,ID,IDAHO,1124136,554308,569828,2.1,1.07,12.84,1.3,82.69,12391,1102,8664,1140,7524
2017,ID,IDAHO,1103498,544553,558945,2.09,1.04,12.59,1.31,82.97,11944,1082,8579,1045,7534
2016,ID,IDAHO,1081631,534064,547567,2.04,1.0,12.34,1.32,83.3,11267,1041,8252,1013,7239
2015,ID,IDAHO,1061229,524409,536820,1.94,0.94,12.04,1.33,83.75,10960,1032,8052,984,7068
2019,IL,ILLINOIS,8464548,4201747,4262801,6.48,14.78,18.12,0.21,60.4,54721,646,38259,2264,35995
2018,IL,ILLINOIS,8521827,4236162,4285665,6.38,14.76,17.76,0.21,60.88,57185,671,39965,2338,37627
2017,IL,ILLINOIS,8577540,4269544,4307996,6.25,14.76,17.41,0.21,61.37,60044,700,41427,2279,39148
2016,IL,ILLINOIS,8621099,4297562,4323537,6.09,14.78,17.08,0.21,61.85,61902,718,43657,2613,41044
2015,IL,ILLINOIS,8661543,4324515,4337028,5.96,14.79,16.75,0.21,62.29,65026,750,46240,2675,43565
2019,IN,INDIANA,4383919,2172095,2211824,3.04,10.46,7.29,0.3,78.91,47497,1083,27180,2604,24576
2018,IN,INDIANA,4377031,2171709,2205322,2.93,10.33,7.04,0.3,79.4,46936,1072,26877,2567,24310
2017,IN,INDIANA,4366806,2169709,2197097,2.77,10.18,6.8,0.3,79.95,45367,1038,26024,2416,23608
2016,IN,INDIANA,4365809,2171275,2194534,2.68,10.05,6.58,0.3,80.39,43127,987,25546,2205,23341
2015,IN,INDIANA,4359752,2170547,2189205,2.52,9.93,6.38,0.3,80.87,43189,990,27355,2540,24815
2019,KS,KANSAS,1880114,918532,961582,3.88,6.81,12.42,1.07,75.82,17290,919,10177,910,9267
2018,KS,KANSAS,1886845,922547,964298,3.84,6.78,12.1,1.06,76.22,18166,962,10218,929,9289
2017,KS,KANSAS,1889527,924810,964717,3.74,6.75,11.77,1.07,76.67,17626,932,10015,903,9112
2016,KS,KANSAS,1896384,929293,967091,3.7,6.72,11.47,1.07,77.04,17303,912,9920,869,9051
2015,KS,KANSAS,1898996,931767,967229,3.54,6.71,11.17,1.06,77.51,17081,899,9857,839,9018
2019,KY,KENTUCKY,2918305,1446272,1472033,1.94,9.07,3.84,0.23,84.92,37532,1286,23082,2905,20177
2018,KY,KENTUCKY,2924340,1451230,1473110,1.87,8.97,3.73,0.24,85.2,38223,1307,23431,3051,20380
2017,KY,KENTUCKY,2930536,1455501,1475035,1.84,8.91,3.57,0.24,85.44,36511,1245,23543,3021,20522
2016,KY,KENTUCKY,2930413,1457557,1472856,1.77,8.79,3.42,0.24,85.78,35444,1209,23022,2942,20080
2015,KY,KENTUCKY,2933780,1460919,1472861,1.69,8.71,3.31,0.24,86.05,34234,1166,21701,2587,19114
2019,LA,LOUISIANA,3023510,1522463,1501047,2.14,33.27,5.3,0.72,58.57,48381,1600,31609,1689,29920
2018,LA,LOUISIANA,3043971,1533509,1510462,2.1,33.16,5.18,0.72,58.84,46646,1532,32397,1748,30649
2017,LA,LOUISIANA,3066326,1544594,1521732,2.08,33.03,5.09,0.71,59.08,46570,1518,33739,1957,31782
2016,LA,LOUISIANA,3087502,1554536,1532966,2.06,32.87,5.04,0.71,59.32,45393,1470,35682,1981,33701
2015,LA,LOUISIANA,3092330,1557451,1534879,2.02,32.77,4.96,0.7,59.55,50250,1625,36377,2046,34331
2019,MA,MASSACHUSETTS,4717685,2372666,2345019,8.13,8.06,12.56,0.23,71.02,17083,362,8205,301,7904
2018,MA,MASSACHUSETTS,4718053,2376640,2341413,7.91,7.92,12.31,0.23,71.62,17785,376,8692,524,8168
2017,MA,MASSACHUSETTS,4709896,2374946,2334950,7.74,7.81,11.93,0.23,72.29,19410,412,9133,531,8602
2016,MA,MASSACHUSETTS,4688538,2367473,2321065,7.48,7.67,11.57,0.23,73.04,19815,422,9403,583,8820
2015,MA,MASSACHUSETTS,4670047,2361836,2308211,7.23,7.53,11.24,0.23,73.77,20034,428,9922,654,9268
2019,MD,MARYLAND,4068006,2060897,2007109,7.41,31.99,10.65,0.3,49.64,27118,666,18595,731,17864
2018,MD,MARYLAND,4072373,2065392,2006981,7.3,31.78,10.37,0.31,50.24,28007,687,18856,823,18033
2017,MD,MARYLAND,4076936,2069516,2007420,7.22,31.6,10.05,0.31,50.82,28689,703,19367,848,18519
2016,MD,MARYLAND,4073130,2070070,2003060,7.08,31.4,9.76,0.31,51.46,29042,713,19994,822,19172
2015,MD,MARYLAND,4072051,2072755,1999296,6.94,31.22,9.48,0.31,52.05,30453,747,20764,915,19849
2019,ME,MAINE,867692,433396,434296,1.61,1.96,1.89,0.81,93.72,3776,435,2185,185,2000
2018,ME,MAINE,868978,434772,434206,1.57,1.83,1.79,0.81,94.0,4105,472,2425,237,2188
2017,ME,MAINE,871198,436531,434667,1.53,1.75,1.72,0.81,94.2,4133,474,2404,227,2177
2016,ME,MAINE,873973,438567,435406,1.5,1.69,1.64,0.8,94.38,4212,481,2404,235,2169
2015,ME,MAINE,876323,440421,435902,1.42,1.59,1.57,0.79,94.62,4070,464,2279,207,2072
2019,MI,MICHIGAN,6556511,3249147,3307364,4.0,14.81,5.36,0.74,75.1,54285,827,38053,2029,36024
2018,MI,MICHIGAN,6584943,3268498,3316445,3.94,14.77,5.17,0.73,75.39,55344,840,38761,2081,36680
2017,MI,MICHIGAN,6601407,3282020,3319387,3.83,14.76,5.01,0.73,75.67,56256,852,39666,2151,37515
2016,MI,MICHIGAN,6607562,3290782,3316780,3.68,14.76,4.86,0.73,75.98,57696,873,41122,2242,38880
2015,MI,MICHIGAN,6610574,3298872,3311702,3.5,14.76,4.7,0.73,76.31,58327,882,42628,2273,40355
2019,MN,MINNESOTA,3685041,1804791,1880250,5.87,7.45,5.62,1.19,79.86,16062,435,9982,665,9317
2018,MN,MINNESOTA,3676284,1803017,1873267,5.73,7.16,5.47,1.19,80.45,16474,448,10101,699,9402
2017,MN,MINNESOTA,3664036,1799920,1864116,5.59,6.89,5.29,1.19,81.04,16871,460,10708,734,9974
2016,MN,MINNESOTA,3650408,1795774,1854634,5.44,6.61,5.13,1.19,81.63,16723,458,10592,774,9818
2015,MN,MINNESOTA,3636880,1791951,1844929,5.25,6.34,4.98,1.2,82.23,16733,460,10798,771,10027
2019,MO,MISSOURI,3964191,1972659,1991532,2.77,12.6,4.42,0.58,79.64,38403,968,26044,2401,23643
2018,MO,MISSOURI,3972102,1977961,1994141,2.68,12.58,4.28,0.58,79.89,43085,1084,30369,3114,27255
2017,MO,MISSOURI,3977824,1983319,1994505,2.6,12.55,4.14,0.57,80.14,45448,1142,32601,3396,29205
2016,MO,MISSOURI,3979372,1986615,1992757,2.51,12.51,4.01,0.57,80.4,44892,1128,32461,3337,29124
2015,MO,MISSOURI,3982488,1991332,1991156,2.45,12.46,3.89,0.57,80.63,44049,1106,32330,3267,29063
2019,MS,MISSISSIPPI,1914029,969985,944044,1.32,39.13,3.31,0.54,55.7,27649,1444,19417,1383,18034
2018,MS,MISSISSIPPI,1925425,976342,949083,1.3,39.12,3.25,0.53,55.81,25930,1346,19275,1389,17886
2017,MS,MISSISSIPPI,1940031,984822,955209,1.27,39.03,3.16,0.52,56.02,26700,1376,19103,1415,17688
2016,MS,MISSISSIPPI,1946443,989523,956920,1.25,38.92,3.06,0.51,56.26,26264,1349,19192,1369,17823
2015,MS,MISSISSIPPI,1952216,993339,958877,1.25,38.77,3.01,0.51,56.46,26044,1334,18911,1316,17595
2019,MT,MONTANA,680726,331453,349273,1.31,0.9,4.1,6.51,87.19,7572,1112,4723,548,4175
2018,MT,MONTANA,678779,331128,347651,1.25,0.87,3.97,6.5,87.42,6874,1012,3765,447,3318
2017,MT,MONTANA,677347,330733,346614,1.22,0.85,3.85,6.49,87.6,6399,944,3698,416,3282
2016,MT,MONTANA,673445,328907,344538,1.18,0.82,3.67,6.45,87.88,6364,945,3814,409,3405
2015,MT,MONTANA,670303,327742,342561,1.12,0.79,3.54,6.43,88.14,6296,939,3685,390,3295
2019,NC,NORTH CAROLINA,6795892,3415934,3379958,3.68,22.72,9.6,1.15,62.84,53344,784,34079,2681,31398
2018,NC,NORTH CAROLINA,6753413,3399835,3353578,3.56,22.74,9.34,1.16,63.19,53572,793,34899,2728,32171
2017,NC,NORTH CAROLINA,6707316,3379699,3327617,3.46,22.74,9.05,1.18,63.57,56001,834,36394,2841,33553
2016,NC,NORTH CAROLINA,6662471,3360211,3302260,3.32,22.72,8.8,1.19,63.97,54540,818,35697,2712,32985
2015,NC,NORTH CAROLINA,6600275,3332503,3267772,3.17,22.71,8.59,1.2,64.33,55110,834,36617,2689,33928
2019,ND,NORTH DAKOTA,500204,236154,264050,2.18,3.85,4.12,5.06,84.8,3196,638,1794,209,1585
2018,ND,NORTH DAKOTA,500267,236346,263921,2.17,3.74,3.88,5.02,85.19,3160,631,1695,196,1499
2017,ND,NORTH DAKOTA,500906,236432,264474,2.14,3.53,3.66,5.01,85.66,3241,647,1723,199,1524
2016,ND,NORTH DAKOTA,503677,237108,266569,1.9,3.32,3.51,5.01,86.26,3217,638,1791,213,1578
2015,ND,NORTH DAKOTA,506271,238111,268160,1.79,2.93,3.35,4.99,86.94,3202,632,1795,208,1587
2019,NE,NEBRASKA,1244161,607057,637104,3.21,5.65,11.32,0.91,78.92,9786,786,5682,428,5254
2018,NE,NEBRASKA,1242799,607540,635259,3.16,5.55,10.99,0.91,79.4,9270,745,5491,430,5061
2017,NE,NEBRASKA,1239742,606662,633080,3.05,5.44,10.66,0.9,79.96,9027,728,5313,429,4884
2016,NE,NEBRASKA,1236192,605926,630266,2.93,5.37,10.27,0.9,80.54,8911,720,5302,424,4878
2015,NE,NEBRASKA,1230019,604016,626003,2.75,5.26,9.95,0.89,81.16,8730,709,5372,429,4943
2019,NH,NEW HAMPSHIRE,911704,449816,461888,3.49,1.9,4.2,0.29,90.11,4141,454,2691,228,2463
2018,NH,NEW HAMPSHIRE,911775,450074,461701,3.42,1.81,4.0,0.3,90.48,4312,472,2722,231,2491
2017,NH,NEW HAMPSHIRE,912398,451365,461033,3.36,1.72,3.79,0.3,90.83,4516,494,2750,226,2524
2016,NH,NEW HAMPSHIRE,911214,451389,459825,3.31,1.63,3.58,0.3,91.18,4642,509,2818,227,2591
2015,NH,NEW HAMPSHIRE,909978,451321,458657,3.19,1.54,3.4,0.3,91.57,4681,514,2897,236,2661
2019,NJ,NEW JERSEY,6087087,3033799,3053288,10.82,13.99,21.55,0.19,53.45,27332,449,18613,701,17912
2018,NJ,NEW JERSEY,6082722,3036466,3046256,10.66,13.94,21.17,0.18,54.05,30540,502,19362,770,18592
2017,NJ,NEW JERSEY,6076287,3037969,3038318,10.52,13.9,20.75,0.18,54.64,31558,519,19585,774,18811
2016,NJ,NEW JERSEY,6057120,3032611,3024509,10.27,13.88,20.36,0.19,55.31,33113,546,19786,834,18952
2015,NJ,NEW JERSEY,6045490,3032036,3013454,10.05,13.85,20.01,0.19,55.9,35136,581,20489,908,19581
2019,NM,NEW MEXICO,1341230,662768,678462,2.01,2.4,50.56,9.59,35.45,13171,982,6723,677,6046
2018,NM,NEW MEXICO,1341358,664065,677293,1.97,2.34,50.09,9.56,36.04,13559,1010,7030,774,6256
2017,NM,NEW MEXICO,1345438,667168,678270,1.93,2.32,49.55,9.51,36.69,14868,1105,7276,784,6492
2016,NM,NEW MEXICO,1350901,671176,679725,1.92,2.29,49.01,9.43,37.36,14922,1104,7055,711,6344
2015,NM,NEW MEXICO,1353840,673690,680150,1.89,2.27,48.47,9.35,38.02,15699,1159,7104,706,6398
2019,NV,NEVADA,2009794,982565,1027229,10.21,10.34,30.14,1.02,48.28,20137,1001,12840,1239,11601
2018,NV,NEVADA,1975686,967117,1008569,10.06,10.17,29.68,1.03,49.07,21001,1063,13641,1292,12349
2017,NV,NEVADA,1943320,952628,990692,10.0,9.95,29.22,1.03,49.8,21106,1086,13721,1280,12441
2016,NV,NEVADA,1915638,940154,975484,9.86,9.68,28.75,1.03,50.69,20897,1090,13757,1267,12490
2015,NV,NEVADA,1889781,928455,961326,9.71,9.41,28.26,1.04,51.58,20171,1067,13071,1166,11905
2019,NY,NEW YORK,13388715,6732022,6656693,9.92,15.66,19.86,0.37,54.19,64306,480,43500,1928,41572
2018,NY,NEW YORK,13451681,6771614,6680067,9.79,15.64,19.69,0.37,54.51,69250,514,46636,2092,44544
2017,NY,NEW YORK,13489535,6799386,6690149,9.68,15.62,19.47,0.37,54.87,74478,552,49461,2277,47184
2016,NY,NEW YORK,13519634,6823474,6696160,9.52,15.58,19.28,0.36,55.25,76394,565,50716,2274,48442
2015,NY,NEW YORK,13527856,6839238,6688618,9.32,15.54,19.07,0.36,55.71,77462,572,51727,2354,49373
2019,OH,OHIO,7616818,3789461,3827357,3.0,13.61,4.04,0.27,79.08,71356,936,50338,4266,46072
2018,OH,OHIO,7635190,3804895,3830295,2.89,13.49,3.89,0.27,79.46,71198,932,50431,4278,46153
2017,OH,OHIO,7652488,3818352,3834136,2.79,13.37,3.73,0.27,79.83,71811,938,51478,4426,47052
2016,OH,OHIO,7659690,3826212,3833478,2.67,13.26,3.59,0.27,80.21,72145,941,52175,4594,47581
2015,OH,OHIO,7667541,3836231,3831310,2.53,13.14,3.46,0.27,80.59,71144,927,52233,4430,47803
2019,OK,OKLAHOMA,2534258,1248290,1285968,3.05,8.73,11.01,9.65,67.56,36440,1437,25033,2624,22409
2018,OK,OKLAHOMA,2530690,1248147,1282543,2.99,8.68,10.7,9.62,68.01,38514,1521,26956,3096,23860
2017,OK,OKLAHOMA,2532447,1250606,1281841,2.93,8.64,10.39,9.58,68.47,40650,1605,28143,3191,24952
2016,OK,OKLAHOMA,2537213,1254657,1282556,2.88,8.59,10.06,9.51,68.97,41968,1654,29916,3464,26452
2015,OK,OKLAHOMA,2534138,1254557,1279581,2.81,8.55,9.72,9.45,69.48,39890,1574,28547,3058,25489
2019,OR,OREGON,2748164,1354995,1393169,6.34,2.63,13.82,1.43,75.78,20969,763,14961,1221,13740
2018,OR,OREGON,2737594,1352041,1385553,6.25,2.56,13.44,1.43,76.32,21133,771,15268,1246,14022
2017,OR,OREGON,2724753,1348387,1376366,6.12,2.49,13.07,1.43,76.89,21110,774,15218,1327,13891
2016,OR,OREGON,2699022,1338266,1360756,5.95,2.44,12.68,1.44,77.5,20911,774,15166,1304,13862
2015,OR,OREGON,2655896,1319220,1336676,5.66,2.38,12.36,1.44,78.16,21183,797,15245,1307,13938
2019,PA,PENNSYLVANIA,8398537,4171679,4226858,4.29,11.84,8.0,0.18,75.68,78346,932,45702,2816,42886
2018,PA,PENNSYLVANIA,8436476,4195532,4240944,4.18,11.75,7.75,0.18,76.13,81081,961,47239,2934,44305
2017,PA,PENNSYLVANIA,8453317,4209649,4243668,4.07,11.67,7.39,0.18,76.7,83105,983,48333,2851,45482
2016,PA,PENNSYLVANIA,8476251,4225136,4251115,3.94,11.59,7.07,0.18,77.23,84312,994,49244,2863,46381
2015,PA,PENNSYLVANIA,8497380,4241671,4255709,3.8,11.51,6.78,0.18,77.73,85630,1007,49858,2819,47039
2019,RI,RHODE ISLAND,732040,366384,365656,4.17,7.22,16.5,0.51,71.59,2740,374,1656,58,1598
2018,RI,RHODE ISLAND,733357,367638,365719,4.18,7.08,16.04,0.5,72.2,2767,377,1671,59,1612
2017,RI,RHODE ISLAND,731423,367443,363980,4.09,6.92,15.49,0.5,73.0,2861,391,1808,69,1739
2016,RI,RHODE ISLAND,732136,368359,363777,4.1,6.81,15.0,0.5,73.59,3103,423,2030,68,1962
2015,RI,RHODE ISLAND,731081,368632,362449,4.02,6.66,14.52,0.5,74.31,3248,444,2156,62,2094
2019,SC,SOUTH CAROLINA,3262364,1651346,1611018,2.2,27.8,6.07,0.43,63.5,29360,899,18608,1281,17327
2018,SC,SOUTH CAROLINA,3241810,1642106,1599704,2.11,27.98,5.85,0.43,63.63,30446,939,19033,1327,17706
2017,SC,SOUTH CAROLINA,3221399,1632761,1588638,2.04,28.14,5.65,0.43,63.74,31200,968,19906,1392,18514
2016,SC,SOUTH CAROLINA,3200900,1622830,1578070,1.96,28.28,5.48,0.43,63.85,31978,999,20858,1474,19384
2015,SC,SOUTH CAROLINA,3176764,1611787,1564977,1.87,28.4,5.36,0.43,63.93,31839,1002,20929,1355,19574
2019,SD,SOUTH DAKOTA,551429,265658,285771,2.1,2.76,4.16,8.31,82.67,6366,1154,3801,562,3239
2018,SD,SOUTH DAKOTA,549592,265182,284410,2.0,2.63,3.98,8.34,83.05,6601,1201,3948,571,3377
2017,SD,SOUTH DAKOTA,549711,265389,284322,2.02,2.55,3.81,8.32,83.3,6513,1184,3970,540,3430
2016,SD,SOUTH DAKOTA,546356,264219,282137,1.84,2.34,3.55,8.38,83.89,6270,1147,3831,498,3333
2015,SD,SOUTH DAKOTA,543681,263414,280267,1.66,2.11,3.39,8.39,84.45,5841,1074,3564,416,3148
2019,TN,TENNESSEE,4477682,2248560,2229122,2.3,17.86,5.54,0.32,73.98,51521,1150,26349,2734,23615
2018,TN,TENNESSEE,4457385,2240240,2217145,2.26,17.89,5.36,0.32,74.17,51049,1145,26321,2679,23642
2017,TN,TENNESSEE,4425635,2226956,2198679,2.17,17.9,5.17,0.32,74.44,51725,1168,28980,3011,25969
2016,TN,TENNESSEE,4391795,2213692,2178103,2.1,17.88,4.98,0.32,74.72,51082,1163,28203,2722,25481
2015,TN,TENNESSEE,4364247,2202772,2161475,2.04,17.87,4.85,0.32,74.93,47838,1096,28172,2640,25532
2019,TX,TEXAS,19096536,9421197,9675339,5.76,13.0,39.8,0.38,41.05,217845,1140,158429,13642,144787
2018,TX,TEXAS,18883829,9329167,9554662,5.65,12.92,39.44,0.39,41.61,221059,1170,163628,14435,149193
2017,TX,TEXAS,18696190,9246545,9449645,5.54,12.83,39.05,0.39,42.19,220556,1179,162523,13958,148565
2016,TX,TEXAS,18480179,9152095,9328084,5.39,12.73,38.66,0.39,42.83,221205,1196,163703,14335,149368
2015,TX,TEXAS,18215199,9033114,9182085,5.22,12.64,38.28,0.39,43.48,222119,1219,163909,14408,149501
2019,US,NATIONAL TOTAL,215539865,106945862,108594003,6.86,13.5,18.86,0.84,59.94,2076371,963,1417646,106322,1311324
2018,US,NATIONAL TOTAL,215195018,106923626,108271392,6.75,13.43,18.55,0.84,60.42,2112076,981,1451496,109249,1342247
2017,US,NATIONAL TOTAL,214686909,106809129,107877780,6.64,13.38,18.22,0.84,60.92,2135219,994,1476226,109758,1366468
2016,US,NATIONAL TOTAL,213922694,106567257,107355437,6.5,13.31,17.89,0.84,61.45,2139864,1000,1495145,110219,1384926
2015,US,NATIONAL TOTAL,212884736,106200963,106683773,6.34,13.25,17.56,0.85,62.0,2155054,1012,1512802,109735,1403067
2019,UT,UTAH,2095368,1024739,1070629,4.34,1.53,14.45,1.08,78.59,12508,596,6671,582,6089
2018,UT,UTAH,2056168,1006813,1049355,4.29,1.48,14.26,1.09,78.89,13014,632,6651,575,6076
2017,UT,UTAH,2015112,988421,1026691,4.2,1.44,14.0,1.09,79.27,12518,621,6219,493,5726
2016,UT,UTAH,1970281,967948,1002333,4.08,1.37,13.71,1.1,79.74,11694,593,6175,406,5769
2015,UT,UTAH,1925935,947432,978503,3.95,1.31,13.44,1.11,80.18,12181,632,6495,515,5980
2019,VA,VIRGINIA,5692468,2834070,2858398,7.93,20.44,10.1,0.31,61.22,57325,1007,36091,3001,33090
2018,VA,VIRGINIA,5682908,2833556,2849352,7.76,20.41,9.85,0.31,61.67,58210,1024,36660,3040,33620
2017,VA,VIRGINIA,5680032,2834570,2845462,7.62,20.36,9.6,0.32,62.11,59099,1040,37158,3154,34004
2016,VA,VIRGINIA,5663730,2830077,2833653,7.42,20.3,9.32,0.31,62.64,58734,1037,37813,3109,34704
2015,VA,VIRGINIA,5651126,2827191,2823935,7.22,20.25,9.07,0.31,63.15,58662,1038,38403,3236,35167
2019,VT,VERMONT,419480,207983,211497,2.4,1.77,2.26,0.44,93.13,1608,383,1137,85,1052
2018,VT,VERMONT,421283,209325,211958,2.36,1.68,2.16,0.45,93.35,1659,393,1173,96,1077
2017,VT,VERMONT,423083,210546,212537,2.32,1.63,2.07,0.45,93.53,1546,365,1126,105,1021
2016,VT,VERMONT,424381,211325,213056,2.14,1.56,1.98,0.45,93.87,1735,408,1229,83,1146
2015,VT,VERMONT,426859,212923,213936,2.04,1.49,1.9,0.45,94.13,1750,409,1290,83,1207
2019,WA,WASHINGTON,5056791,2463920,2592871,11.81,5.11,12.95,1.53,68.6,31119,615,19261,1635,17626
2018,WA,WASHINGTON,5012299,2448013,2564286,11.48,5.0,12.58,1.54,69.4,31805,634,19523,1720,17803
2017,WA,WASHINGTON,4961407,2427619,2533788,11.09,4.88,12.29,1.55,70.19,31870,642,19656,1742,17914
2016,WA,WASHINGTON,4889763,2397031,2492732,10.7,4.76,11.99,1.56,70.98,30955,633,19104,1658,17446
2015,WA,WASHINGTON,4814478,2365993,2448485,10.37,4.66,11.68,1.58,71.72,29946,621,18284,1455,16829
2019,WI,WISCONSIN,3818201,1873622,1944579,3.47,6.9,7.03,1.02,81.59,36657,960,23956,1551,22405
2018,WI,WISCONSIN,3821974,1878089,1943885,3.37,6.85,6.83,1.01,81.93,37344,977,24064,1591,22473
2017,WI,WISCONSIN,3823716,1881623,1942093,3.32,6.81,6.58,1.01,82.28,36907,965,23945,1620,22325
2016,WI,WISCONSIN,3825915,1884551,1941364,3.21,6.76,6.38,1.0,82.66,36171,945,23377,1488,21889
2015,WI,WISCONSIN,3828880,1888321,1940559,3.08,6.71,6.18,0.99,83.04,35591,929,22975,1408,21567
2019,WV,WEST VIRGINIA,1141168,560558,580610,1.06,4.26,1.86,0.23,92.58,11086,971,6800,821,5979
2018,WV,WEST VIRGINIA,1153567,567731,585836,1.04,4.22,1.75,0.23,92.76,10927,947,6775,786,5989
2017,WV,WEST VIRGINIA,1169062,576176,592886,1.05,4.19,1.68,0.23,92.85,10613,907,7092,818,6274
2016,WV,WEST VIRGINIA,1185407,585476,599931,1.05,4.15,1.62,0.23,92.94,10346,872,7162,876,6286
2015,WV,WEST VIRGINIA,1199851,593691,606160,1.02,4.12,1.56,0.23,93.08,10210,850,7118,865,6253
2019,WY,WYOMING,367331,176380,190951,1.4,1.5,10.15,2.28,84.66,3855,1049,2479,337,2142
2018,WY,WYOMING,368946,177299,191647,1.42,1.5,9.97,2.27,84.84,4126,1118,2543,336,2207
2017,WY,WYOMING,372382,178873,193509,1.35,1.49,9.78,2.24,85.14,4025,1080,2473,292,2181
2016,WY,WYOMING,378747,181832,196915,1.26,1.49,9.66,2.23,85.37,3958,1045,2374,286,2088
2015,WY,WYOMING,382734,183698,199036,1.21,1.5,9.47,2.22,85.6,3970,1037,2424,267,2157
